	Sequence
1ao7	LLFGYPVYV
1bd2	LLFGYPVYV
1oga	GILGFVFTL
1qrn	LLFGYAVYV
1qsf	LLFGYPVAV
2bnq	SLLMWITQV
2bnr	SLLMWITQC
2f53	SLLMWITQC
2f54	SLLMWITQC
2gj6	LLFGKPVYV
2p5w	SLLMWITQC
2pye	SLLMWITQC
2vlj	GILGFVFTL
2vlk	GILGFVFTL
2vlr	GILGFVFTL
3gsn	NLVPMVATV
3h9s	MLWGYLQYV
3pwp	LGYGFVNYI
3qdj	AAGIGILTV
3qeq	AAGIGILTV
3qfj	LLFGFPVYV
4ftv	LLFGYPVYV
4mnq	ILAKFLHWL
5d2l	NLVPMVATV
5d2n	NLVPMVATV
5e6i	GILGFVFTL
5eu6	YLEPGPVTV
5euo	GILGFVFTL
5hhm	GILGLVFTL
5hho	GILEFVFTL
5isz	GILGFVFTL
5men	ILAKFLHWL
5nme	SLYNTVATL
5nmf	SLYNTIATL
5nmg	SLFNTIAVL
5tez	GILGFVFTL
